参考资料
https://www.w3school.com.cn/sql.asp

# sql必知必会
## 1.检索数据
### 限制结果数LIMIT
MySql
```sql
select column from table limit 5;
```
### 偏移OFFSET
**偏移一定要结合限制结果数一起使用**
```sql
SELECT * FROM ind_sms_prod.sms_flows order by id desc LIMIT 5 OFFSET 5;
-- 从第6行(含第6行)开始,显示5条结果(即6-10)
```
> MySQL、MariaDB 和 SQLite 支持简化版的 LIMIT 4 OFFSET 3 语句,即LIMIT 3,4 。使用这个语法,逗号之前的值对应 OFFSET ,逗号之后的值对应 LIMIT 。
```sql
SELECT * FROM ind_sms_prod.sms_flows order by id desc LIMIT 4,5;
-- 逗号之前的值对应 OFFSET ,逗号之后的值对应 LIMIT 
```
### 去重DISTINCT

不可以使用`limit`
```sql
SELECT DISTINCT column from table;

SELECT distinct stage_type FROM `api_stage`
```
## 2.排序数据
### 单个列排序
```sql
SELECT * FROM table_name ORDER BY column;
```
### 多个列排序
```sql
SELECT * FROM table_name ORDER BY c1, c2;
-- 先对c1排序,c1存在多个相同值时才对c2进行排序
SELECT * FROM `api_stagereport` ORDER BY id DESC, report_id DESC  LIMIT 100 OFFSET 10;


SELECT c1, c2, c3 FROM table_name ORDER BY 2, 3;
-- 采用相对位置(select指定的位置)进行排序, 先对c2排序,再对c3排序
SELECT id, report_id FROM `api_stagereport` ORDER BY 1 DESC, 2 DESC  LIMIT 100 OFFSET 10;
```
### 倒序
```sql
SELECT c1, c2, c3 FROM table_name ORDER BY 2 DESC, 3;
-- c2进行倒序,c3进行顺序
```
## 3.过滤数据(WHERE)
### 匹配操作符
|表达式|说明|
|-|-|
|=|等于|
|<>|不等于|
|!=|不等于|
|<|小于|
|<=|小于等于|
|!<|不小于|
|>|大于|
|>=|大于等于|
|!>|不大于|
|BETWEEN|区间|
|IS NULL|为null值|
```sql
-- 区间
SELECT * FROM TABLE_NAME WHERE C1 BETWEEN 5 AND 10; -- 开始值 and 结束值
```
### 逻辑操作符
```sql
-- AND 操作符
SELECT * FROM TABLE_NAME WHERE c1>10 and c2<10;
-- OR 操作符
SELECT * FROM TABLE_NAME WHERE c1>10 or c2<10;
```
**操作符顺序**
```sql
-- 在处理 OR 操作符前,优先处理 AND 操作符(AND优先级较高)
-- 如果需要进行组合需要对同组逻辑加括号,括号的优先级更高
SELECT * FROM TABLE_NAME WHERE (c1="A" or c1="B") and c2 > 30;
```
### IN操作符
```sql
SELECT * FROM TABLE_NAME WHERE c1 IN ('A', 'B');
-- IN 操作符完成了与 OR 相同的功能, 与下方相当
SELECT * FROM TABLE_NAME WHERE c1 = 'A' OR c1 = 'B';
```
### NOT操作符
```sql
-- 用来否定操作符之后的逻辑
-- 1.
SELECT * FROM TABLE_NAME WHERE NOT c1 = 30; -- 可以用!=代替
-- 2.
SELECT * FROM TABLE_NAME WHERE c1 NOT IN ('20', '30');
```
## 4.通配符
### LIKE操作符
1. 不要过度使用通配符。如果其他操作符能达到相同的目的,应该使用其他操作符。
2. 在确实需要使用通配符时,也尽量不要把它们用在搜索模式的开始处。把通配符置于开始处,搜索起来是最慢的。
3. 仔细注意通配符的位置。如果放错地方,可能不会返回想要的数据。
#### % 通配符
**% 表示任何字符出现任意次数**
```sql
SELECT * FROM TABLE_NAME WHERE c1 LIKE "%xi%";  -- 可以匹配 sdadasxisadas
```
#### _ 占位符
**只匹配单个字符且一定有字符**
```sql
SELECT * FROM TABLE_NAME WHERE c1 LIKE "_xi_";  -- 可以匹配 sxia
```
#### [] 通配符
**方括号( [] )通配符用来指定一个字符集,只能匹配单个字符**
```sql
SELECT * FROM TABLE_NAME WHERE c1 LIKE "[JFT]xixi"  -- 可以匹配 Jxixi Fxixi Txixi
-- 结合%使用
SELECT * FROM TABLE_NAME WHERE c1 LIKE "[JFT]%xixi"  -- 可以匹配 Jcxfsaxixi
-- 结合^(脱字号)使用 
SELECT * FROM TABLE_NAME WHERE c1 LIKE "[^JFT]%xixi" -- 可以匹配 Avcbdgxixi
```
## 5.计算字段
### 计算(拼接)字段
**每种数据库语法不同必须MySql使用函数 CONCAT(), 其他可用 "+" 或者 "||" 进行拼接**
```sql
-- MySql 
SELECT concat(id, "(", sms_phone, ")") FROM ind_sms_prod.sms_flows LIMIT 5;
-- mysql> SELECT concat(id, "(", sms_phone, ")") FROM ind_sms_prod.sms_flows LIMIT 5;
-- +---------------------------------+
-- | concat(id, "(", sms_phone, ")") |
-- +---------------------------------+
-- | 1(1234567896)                   |
-- | 2(1234567896)                   |
-- | 3(8855223367)                   |
-- | 4(8855223367)                   |
-- | 5(8855223367)                   |
-- +---------------------------------+
-- 5 rows in set (0.00 sec)

```
### 去除文本的空格填充

```RTRIM()``` 去除右边空格
```LTRIM()``` 去除左边空格
```TRIM()```  去除左右两侧空格
```sql
SELECT RTRIM(concat(id, "(", sms_content, ")")) FROM ind_sms_prod.sms_flows LIMIT 5;
-- mysql> SELECT RTRIM(concat(id, "(", phone, ")")) as pinjie FROM india_appbackend_test.v_codes LIMIT 5;
-- +-------------------+
-- | pinjie            |
-- +-------------------+
-- | 11016(0000000000) |
-- | 11021(0000000000) |
-- | 9002(0000462365)  |
-- | 9170(0000462365)  |
-- | 7108(0000589418)  |
-- +-------------------+
-- 5 rows in set (0.00 sec)

```
### 别名
**别名最常见的使用是将多个单词的列名重命名为一个单词的名字**
```sql
SELECT RTRIM(concat(id, "(", phone, ")")) as pinjie FROM india_appbackend_test.v_codes LIMIT 5;
-- mysql> SELECT RTRIM(concat(id, "(", phone, ")")) as pinjie FROM india_appbackend_test.v_codes LIMIT 5;
-- +-------------------+
-- | pinjie            |
-- +-------------------+
-- | 11016(0000000000) |
-- | 11021(0000000000) |
-- | 9002(0000462365)  |
-- | 9170(0000462365)  |
-- | 7108(0000589418)  |
-- +-------------------+
-- 5 rows in set (0.00 sec)
```
### 算术操作符

|操作符|说明|
|-|-|
|+|加|
|-|减|
|*|乘|
|/|除|

```sql
-- 乘积
SELECT id, v_code, phone, v_code * phone as expanded FROM india_appbackend_test.v_codes order by id desc;
-- mysql> SELECT id, v_code, phone, v_code * phone as expanded FROM india_appbackend_test.v_codes order by id desc limit 5;
-- +-------+--------+------------+----------------------+
-- | id    | v_code | phone      | expanded             |
-- +-------+--------+------------+----------------------+
-- | 42101 | 982244 | 0536480587 |      526954837697228 |
-- | 42100 | 256171 | 0536480587 |      137430768452377 |
-- | 42099 | 798665 | 5719799055 | 4.568203312261575e15 |
-- | 42098 | 295203 | 5719799055 | 1.688501840433165e15 |
-- | 42097 | 942143 | 9123456115 | 8.595600314554445e15 |
-- +-------+--------+------------+----------------------+
-- 5 rows in set (0.00 sec)
```
## 6.函数
```sql
-- 每个DBMS都是不同的函数,以下以mysql举例
-- 提取字符串组成
SUBSTRING()
-- 数据类型转换
CONVERT()
-- 取当前日期
CURDATE()
```
### 文本处理函数
|函数|说明|
|-|-|
|LEN()|返回字符串的长度|
|LOWER()|将字符串转换为小写|
|UPPER()|将字符串转换为大写|
|LEFT()|返回字符串左边的字符|
|RIGHT()|返回字符串右边的字符|
|LTRIM()|去掉字符串左边的空格|
|RTRIM()|去掉字符串右边的空格|
|SOUNDEX()|返回字符串的SOUNDEX值, 用于发音之类的搜索平时较少用|
```sql
SELECT UPPER(apply_type), LOWER(apply_type), length(apply_type) FROM india_appbackend_test.v_codes order by id desc LIMIT 5;
-- 大写 小写 长度
-- mysql> SELECT UPPER(apply_type), LOWER(apply_type), length(apply_type) FROM india_appbackend_test.v_codes order by id desc LIMIT 5;
-- +-------------------+-------------------+--------------------+
-- | UPPER(apply_type) | LOWER(apply_type) | length(apply_type) |
-- +-------------------+-------------------+--------------------+
-- | SIGNATURE         | signature         |                  9 |
-- | LOGIN             | login             |                  5 |
-- | LOGIN             | login             |                  5 |
-- | LOGIN             | login             |                  5 |
-- | LOGIN             | login             |                  5 |
-- +-------------------+-------------------+--------------------+
-- 5 rows in set (0.00 sec)
SELECT apply_type, RIGHT(apply_type, 3),LEFT(apply_type, 4) FROM india_appbackend_test.v_codes order by id desc limit 5;
-- mysql> SELECT apply_type, RIGHT(apply_type, 3),LEFT(apply_type, 4) FROM india_appbackend_test.v_codes order by id desc limit 5;
-- +------------+----------------------+---------------------+
-- | apply_type | RIGHT(apply_type, 3) | LEFT(apply_type, 4) |
-- +------------+----------------------+---------------------+
-- | login      | gin                  | logi                |
-- | login      | gin                  | logi                |
-- | login      | gin                  | logi                |
-- | signature  | ure                  | sign                |
-- | signature  | ure                  | sign                |
-- +------------+----------------------+---------------------+
-- 5 rows in set (0.00 sec)
```
### 日期和时间函数

|函数|说明|Example|
|-|-|-|
|NOW()|返回当前的日期和时间||
|CURDATE()|返回当前的日期||
|CURTIME()|返回当前的时间||
|DATE()|提取日期或日期/时间表达式的日期部分||
|EXTRACT()|返回日期/时间按的单独部分||
|DATE_ADD()|给日期添加指定的时间间隔|[案例](#2.-修改)|
|DATE_SUB()|从日期减去指定的时间间隔|[案例](#2.-修改)|
|DATEDIFF()|返回两个日期之间的天数|`SELECT DATEDIFF('2008-12-30','2008-12-29') AS DiffDate`|
|DATE_FORMAT()|用不同的格式显示日期/时间||

#### 1. 查询
- `select * from table1 where year(order_date)=2020;`: 查询`order_date`字段年=2020
- `select * from table1 where month(order_date)=12;`: 查询`order_date`字段月=12
- `select * from table1 where day(order_date)=20;`: 查询`order_date`字段天=20
- `select * from table1 where hour(order_date)=20;`: 查询`order_date`字段小时=20
- `select * from table1 where minute(order_date)=46;`: 查询`order_date`字段分钟=46
- `select * from table1 where second(order_date) between 2 and 12;`: 查询`order_date`字段秒数在2(含)-12(含)之间
- `select * from table1 where date(order_date)='2019-08-04';`: 查询`order_date`字段的日期=`2019-08-04`
- `select * from table1 where date(order_date) between '2019-08-04' and '2019-08-05';` 查询`order_date`字段的日期在`2019-08-04`到`2019-08-05`之间
- `select * from table1 where time(order_date)='12:18:29';`: 查询`order_date`字段时分秒为`12:18:29`



#### 2. 修改
- `update order_table set start_time = date_sub(start_time, interval 20 day);`: 将start_time字段的时间向前推20天(过去)
- `update order_table set start_time = date_add(start_time, interval 20 day);`: 将start_time字段的时间向后推20天(未来)

|函数|说明|
|-|-|
|MICROSECOND|微秒|
|SECOND|秒|
|MINUTE|分钟|
|HOUR|小时|
|DAY|天|
|WEEK|周|
|MONTH|月|
|QUARTER|季度|
|YEAR|年|

### 数值处理函数
|函数|说明|
|-|-|
|ABS()|返回一个数的绝对值|
|COS()|返回一个角度的余弦|
|EXP()|返回一个数的指数值|
|PI()|返回圆周率|
|SIN()|返回一个角度的正弦|
|SQRT()|返回一个数的平方根|
|TAN()|返回一个角度的正切|
```sql
SELECT phone, abs(phone), cos(phone), pi(), sin(phone), sqrt(phone), tan(phone) FROM india_appbackend_test.v_codes order by id desc limit 5;
-- mysql> SELECT phone, abs(phone), cos(phone), pi(), sin(phone), sqrt(phone), tan(phone) FROM india_appbackend_test.v_codes order by id desc limit 5;
-- +------------+------------+---------------------+----------+----------------------+-------------------+----------------------+
-- | phone      | abs(phone) | cos(phone)          | pi()     | sin(phone)           | sqrt(phone)       | tan(phone)           |
-- +------------+------------+---------------------+----------+----------------------+-------------------+----------------------+
-- | 8314986571 | 8314986571 | -0.9940441393145951 | 3.141593 | -0.10897820467554846 | 91186.54819105721 |  0.10963115254689815 |
-- | 8314986571 | 8314986571 | -0.9940441393145951 | 3.141593 | -0.10897820467554846 | 91186.54819105721 |  0.10963115254689815 |
-- | 8314986571 | 8314986571 | -0.9940441393145951 | 3.141593 | -0.10897820467554846 | 91186.54819105721 |  0.10963115254689815 |
-- | 8314986571 | 8314986571 | -0.9940441393145951 | 3.141593 | -0.10897820467554846 | 91186.54819105721 |  0.10963115254689815 |
-- | 7252722872 | 7252722872 |  0.9593197489283884 | 3.141593 |  -0.2823218364136464 | 85162.91958358402 | -0.29429378132683603 |
-- +------------+------------+---------------------+----------+----------------------+-------------------+----------------------+
-- 5 rows in set (0.00 sec)

```
## 7.聚集函数
|函数|说明|
|-|-|
|AVG()|返回某列的平均值|
|COUNT()|返回某列的行数|
|MAX()|返回某列的最大值|
|MIN()|返回某列的最小值|
|SUM()|返回某列值之和|
|round（列名,n）|四舍五入 n代表留几位小数  |
|round（avg(列名),n） |函数嵌套，先对列进行求平均数，然后进行四舍五入|

tips:使用 `COUNT(column)` 对特定列中具有值的行进行计数, 忽略null(空值).如果用`COUNT(*)`则不忽略
```sql
SELECT avg(v_code), avg(DISTINCT v_code), count(v_code), max(v_code), min(v_code), sum(v_code) FROM india_appbackend_test.v_codes order by id desc limit 5;
-- mysql> SELECT avg(v_code), avg(DISTINCT v_code), count(v_code), max(v_code), min(v_code), sum(v_code) FROM india_appbackend_test.v_codes order by id desc limit 5;
-- +-------------------+----------------------+---------------+-------------+-------------+-------------+
-- | avg(v_code)       | avg(DISTINCT v_code) | count(v_code) | max(v_code) | min(v_code) | sum(v_code) |
-- +-------------------+----------------------+---------------+-------------+-------------+-------------+
-- | 500226.9508040953 |    500129.9343185948 |         42097 | 999999      | 000032      | 21058053948 |
-- +-------------------+----------------------+---------------+-------------+-------------+-------------+
-- 1 row in set (0.04 sec)
```
### 分组函数

- 分组函数规则:
1. 在select这一列中所有未包含在组函数中的列都必须出现在group by当中  
2. 包含在group by字句中的列不必包含在select列当中
3. 不能在where字句中使用组函数
4. 可以在having子句中使用组函数，having后面接的必须是可以出现在select列中的
5. order by 后面接的必须是可以出现在select列中的


```sql
mysql> SELECT max(id), min(id), count(duration) as c,duration FROM app.api_testreport where id > 5000 group by duration having c < 300 order by c desc limit 10; 
+---------+---------+-----+----------+
| max(id) | min(id) | c   | duration |
+---------+---------+-----+----------+
|   37699 |    5009 | 293 |    28.20 |
|   37654 |    5004 | 292 |    28.59 |
|   37702 |    5082 | 292 |    28.50 |
|   37671 |    5036 | 291 |    28.61 |
|   37639 |    5005 | 289 |    28.56 |
|   37578 |    5141 | 287 |    28.23 |
|   37474 |    5003 | 280 |    28.63 |
|   37625 |    5017 | 280 |    28.60 |
|   37542 |    5047 | 265 |    28.62 |
|   37610 |    5320 | 265 |    28.19 |
+---------+---------+-----+----------+
10 rows in set (0.04 sec)
```
### 过滤分组
1. HAVING 支持所有 WHERE 操作符  
2. WHERE 过滤列表字段,而 HAVING 过滤聚合字段
3. WHERE 在数据分组前进行过滤, HAVING 在数据分组后进行过滤。  
4. 这是一个重要的区别, WHERE 排除的行不包括在分组中。这可能会改变计算值,从而影响 HAVING 子句中基于这些值过滤掉的分组。

```sql
SELECT count(*), apply_type FROM india_appbackend_test.v_codes group by apply_type having count(*) > 30 order by id desc;
-- mysql> SELECT count(*), apply_type FROM india_appbackend_test.v_codes group by apply_type having count(*) > 30 order by id desc;
-- +----------+----------------+
-- | count(*) | apply_type     |
-- +----------+----------------+
-- |      115 | call_signature |
-- |    19907 | signature      |
-- |    22095 | login          |
-- +----------+----------------+
-- 3 rows in set (0.05 sec)
```
```sql
SELECT count(*), apply_type FROM india_appbackend_test.v_codes where created_at > '2020-01-01' group by apply_type having count(*) > 30;
-- mysql> SELECT count(*), apply_type FROM india_appbackend_test.v_codes where created_at > '2020-01-01' group by apply_type having count(*) > 30; 
-- +----------+----------------+
-- | count(*) | apply_type     |
-- +----------+----------------+
-- |      105 | call_signature |
-- |     9671 | signature      |
-- |     9706 | login          |
-- +----------+----------------+
-- 3 rows in set (0.06 sec)
```
### 分组排序
```sql
SELECT count(*), apply_type FROM india_appbackend_test.v_codes where created_at > '2020-01-01' group by apply_type having count(*) > 30 order by count(*) desc;
-- mysql> SELECT count(*), apply_type FROM india_appbackend_test.v_codes where created_at > '2020-01-01' group by apply_type having count(*) > 30 order by count(*) desc;
-- +----------+----------------+
-- | count(*) | apply_type     |
-- +----------+----------------+
-- |     9706 | login          |
-- |     9671 | signature      |
-- |      105 | call_signature |
-- +----------+----------------+
-- 3 rows in set (0.13 sec)
```
### 子句顺序
|子句|说明|是否必须使用|
|-|-|-|
|SELECT|要返回的列或表达式|是|
|FROM|从中检索数据的表|仅在从表选择数据时使用|
|WHERE|行级过滤|否|
|GROUP BY|分组说明|仅在按组计算聚集时使用|
|HAVING|组级过滤|否|
|ORDER BY|输出排序顺序|否|
## 8.子查询（subquery）
*在 SELECT 语句中,子查询总是从内向外处理。在处理上面的 SELECT 语句时,DBMS 实际上执行了两个操作。*
**完全限定列名：用一个句点分隔表名和列名,在有可能混淆列名时必须使用这种语法。**
```sql
SELECT * FROM india_underwriting_test.user_infos where user_phone = (SELECT phone FROM india_appbackend_test.v_codes where v_codes > 300000 order by id desc limit 1);
```
## 9.联结

*可伸缩(scale):能够适应不断增加的工作量而不失败。设计良好的数据库或应用程序称为可伸缩性好(scale well)。*

> 笛卡儿积(cartesian product):
由没有联结条件的表关系返回的结果为笛卡儿积。检索出的行的数目将是第一个表中的行数乘以第二个表中的行数。 
### 内联结(等值联结 equijoin)
```sql
-- 方法一
SELECT * FROM india_appbackend_test.mqr_device_infos a, india_appbackend_test.mqr_devices b where a.device_id=b.account_id limit 1;

-- mysql> SELECT * FROM india_appbackend_test.mqr_device_infos a, india_appbackend_test.mqr_devices b where a.device_id=b.account_id limit 1;
-- +----+---------------------+---------------------+------------+-----------+-----------+----------+---------------+--------------+----------------+---------+---------+---------+--------+---------------------+-----------------+------------------+------+-------------+----+---------------------+---------------------+------------+------------+
-- | id | created_at          | updated_at          | deleted_at | device_id | longitude | latitude | serial_number | used_storage | wifi_name      | storage | version | is_root | memory | model               | imei            | idfa             | mac  | ip          | id | created_at          | updated_at          | deleted_at | account_id |
-- +----+---------------------+---------------------+------------+-----------+-----------+----------+---------------+--------------+----------------+---------+---------+---------+--------+---------------------+-----------------+------------------+------+-------------+----+---------------------+---------------------+------------+------------+
-- |  2 | 2019-09-10 07:45:31 | 2019-09-10 07:45:31 | NULL       |         2 | 76        | 22       | auto jmeter   | 100T         | "qiyuan_guest" | 120T    | 90      | ?       | 30G    | qiyuan mobile phone | 367535629127095 | 32b6e40f93bf1e63 |      | 10.0.33.229 |  1 | 2019-09-10 07:40:44 | 2019-09-10 07:40:44 | NULL       |          2 |
-- +----+---------------------+---------------------+------------+-----------+-----------+----------+---------------+--------------+----------------+---------+---------+---------+--------+---------------------+-----------------+------------------+------+-------------+----+---------------------+---------------------+------------+------------+
-- 1 row in set (0.00 sec)

-- 方法二
SELECT * FROM india_appbackend_test.mqr_device_infos a inner join india_appbackend_test.mqr_devices b on a.device_id=b.account_id limit 1;
```
**支持多表联查**

*联结的表越多,性能下降越厉害。*
```sql
SELECT prod_name, vend_name, prod_price, quantity
FROM OrderItems a, Products b, Vendors c
WHERE b.vend_id = c.vend_id
AND a.prod_id = b.prod_id
AND order_num = 20007;
```
### 别名
```sql
-- 方式一: column aliasname
SELECT * FROM india_appbackend_test.mqr_device_infos a, india_appbackend_test.mqr_devices b where a.device_id=b.account_id limit 1;
-- 方式二: column as aliasname
SELECT * FROM india_appbackend_test.mqr_device_infos as a, india_appbackend_test.mqr_devices as b where a.device_id=b.account_id limit 1;
```
### 自联结(self-join)
*自联结多用来替代子查询*
```sql
-- 子查询
select * from india_appbackend_test.mqr_device_infos where device_id = (select account_id from india_appbackend_test.mqr_devices where id =20);
-- 自联查
select a.* from india_appbackend_test.mqr_device_infos a, india_appbackend_test.mqr_devices b where b.id=20 and a.device_id=b.account_id;

-- mysql> select a.* from india_appbackend_test.mqr_device_infos a, india_appbackend_test.mqr_devices b where b.id=20 and a.device_id=b.account_id;
-- +----+---------------------+---------------------+------------+-----------+-----------+----------+---------------+--------------+----------------+---------+---------+---------+--------+---------------------+-----------------+------------------+------+------------+
-- | id | created_at          | updated_at          | deleted_at | device_id | longitude | latitude | serial_number | used_storage | wifi_name      | storage | version | is_root | memory | model               | imei            | idfa             | mac  | ip         |
-- +----+---------------------+---------------------+------------+-----------+-----------+----------+---------------+--------------+----------------+---------+---------+---------+--------+---------------------+-----------------+------------------+------+------------+
-- | 36 | 2019-09-10 09:13:38 | 2019-09-10 09:13:38 | NULL       |        36 | 76        | 22       | auto jmeter   | 100T         | "qiyuan_guest" | 120T    | 90      | ?       | 30G    | qiyuan mobile phone | 367535629127095 | 32b6e40f93bf1e63 |      | 10.0.33.79 |
-- +----+---------------------+---------------------+------------+-----------+-----------+----------+---------------+--------------+----------------+---------+---------+---------+--------+---------------------+-----------------+------------------+------+------------+
-- 1 row in set (0.00 sec)
```
### 自然联结(natural join)
*自然联结排除多次出现,使每一列只返回一次。  
自然联结要求你只能选择那些唯一的列,一般通过对一个表使用通配符( SELECT * ),而对其他表的列使用明确的子集来完成。*
```sql
SELECT C.*, O.order_num, O.order_date,
OI.prod_id, OI.quantity, OI.item_price
FROM Customers AS C, Orders AS O, OrderItems AS OI
WHERE C.cust_id = O.cust_id
AND OI.order_num = O.order_num
AND prod_id = 'RGAN01';
```
### 外联结(outer join)(左/右联结 left/right)
*与内联结关联两个表中的行不同的是,外联结还包括没有关联行的行;  
RIGHT 指出的是 OUTER JOIN 右边的表选择所有行,而 LEFT 指出的是 OUTER JOIN左边的表选择所有行*
```sql
-- 左联结
SELECT a.id,a.device_id,b.id,b.account_id FROM india_appbackend_test.mqr_device_infos a left join india_appbackend_test.mqr_devices b on a.device_id=b.account_id limit 10;

+----+-----------+------+------------+
| id | device_id | id   | account_id |
+----+-----------+------+------------+
|  1 |         1 | NULL |       NULL |
|  2 |         2 |    1 |          2 |
|  3 |         3 | NULL |       NULL |
|  4 |         4 |    2 |          4 |
|  5 |         5 |    3 |          5 |
|  6 |         6 | NULL |       NULL |
|  7 |         7 | NULL |       NULL |
|  8 |         8 | NULL |       NULL |
|  9 |         9 | NULL |       NULL |
| 10 |        10 |  116 |         10 |
+----+-----------+------+------------+
10 rows in set (0.00 sec)

-- 右联结
SELECT a.id,a.device_id,b.id,b.account_id FROM india_appbackend_test.mqr_device_infos a right join india_appbackend_test.mqr_devices b on a.device_id=b.account_id limit 10;

+------+-----------+-----+------------+
| id   | device_id | id  | account_id |
+------+-----------+-----+------------+
|    2 |         2 |   1 |          2 |
|    4 |         4 |   2 |          4 |
|    5 |         5 |   3 |          5 |
|   10 |        10 | 116 |         10 |
|   12 |        12 |   4 |         12 |
|   13 |        13 |   5 |         13 |
|   14 |        14 | 230 |         14 |
|   15 |        15 | 115 |         15 |
|   18 |        18 |   6 |         18 |
|   19 |        19 |   7 |         19 |
+------+-----------+-----+------------+
10 rows in set (0.00 sec)

```
### 带聚集函数的联结
```sql
SELECT a.id,count(a.device_id),b.id,b.account_id FROM india_appbackend_test.mqr_device_infos a left join india_appbackend_test.mqr_devices b on a.device_id=b.account_id limit 10;
```
## 10.组合查询(UNION)
**主要有两种情况需要使用组合查询:**
1. 在一个查询中从不同的表返回结构数据;
2. 对一个表执行多个查询,按一个查询返回数据。

**组合查询要求**
1. UNION 必须由两条或两条以上的 SELECT 语句组成,语句之间用关键
字 UNION 分隔(因此,如果组合四条 SELECT 语句,将要使用三个 UNION
关键字)。
2. UNION 中的每个查询必须包含相同的列、表达式或聚集函数(不过,
各个列不需要以相同的次序列出)
。
3. 列数据类型必须兼容:类型不必完全相同,但必须是 DBMS 可以隐含
转换的类型(例如,不同的数值类型或不同的日期类型)。
```sql
SELECT a.id FROM india_appbackend_test.mqr_device_infos a left outer join india_appbackend_test.mqr_devices b on a.device_id=b.account_id
union
SELECT a.id FROM india_appbackend_test.mqr_device_infos a right outer join india_appbackend_test.mqr_devices b on a.device_id=b.account_id limit 10;
-- 自动去重
+------+
| id   |
+------+
|  424 |
|  423 |
|  422 |
|  421 |
|  420 |
|  419 |
|  418 |
|  417 |
|  416 |
|  415 |
+------+
10 rows in set (0.00 sec)

```
**如果不需要去重**`union all`
```sql
SELECT a.id FROM india_appbackend_test.mqr_device_infos a left outer join india_appbackend_test.mqr_devices b on a.device_id=b.account_id
union all
SELECT a.id FROM india_appbackend_test.mqr_device_infos a right outer join india_appbackend_test.mqr_devices b on a.device_id=b.account_id order by id desc limit 10;
-- 不去重
+------+
| id   |
+------+
|  424 |
|  424 |
|  424 |
|  424 |
|  423 |
|  422 |
|  422 |
|  421 |
|  421 |
|  420 |
+------+
10 rows in set (0.01 sec)
```
*在用 UNION 组合查询时,只能使用一条 ORDER BY 子句,它必须位于最后一条 SELECT 语句之后*
## 11.插入数据
### 插入完整的行
```sql
INSERT INTO Customers
VALUES('1000000006',
'Toy Land',
'123 Any Street',
'New York',
'NY',
'11111',
'USA',
NULL,
NULL);

INSERT INTO Customers(cust_id,
cust_name,
cust_address,
cust_city,
cust_state,
cust_zip,
cust_country,
cust_contact,
cust_email)
VALUES('1000000006',
'Toy Land',
'123 Any Street',
'New York',
'NY',
'11111',
'USA',
NULL,
NULL);
-- 以上效果完全一样,但是推荐指定列名的方式,更加具有稳定性,即使表的结构改变,这条INSERT 语句仍然能正确工作。
```
### 插入行的一部分

省略的列必须满足以下某个条件。
1. 该列定义为允许 NULL 值(无值或空值)
2. 在表定义中给出默认值。这表示如果不给出值,将使用默认值。
```sql
INSERT INTO Customers(cust_id,
cust_name,
cust_address,
cust_city,
cust_state,
cust_zip,
cust_country)
VALUES('1000000006',
'Toy Land',
'123 Any Street',
'New York',
'NY',
'11111',
'USA');
```
### 插入检索出的数据
```sql
INSERT INTO Customers(cust_id,
                      cust_contact,
                      cust_email,
                      cust_name,
                      cust_address,
                      cust_city,
                      cust_state,
                      cust_zip,
                      cust_country)
SELECT cust_id,
        cust_contact,
        cust_email,
        cust_name,
        cust_address,
        cust_city,
        cust_state,
        cust_zip,
        cust_country
FROM CustNew;
```
### 从一个表复制到另一个表

与 INSERT SELECT 将数据添加到一个已经存在的表不同, SELECT INTO将数据复制到一个新表(有的 DBMS 可以覆盖已经存在的表)

1. 任何 SELECT 选项和子句都可以使用,包括 WHERE 和 GROUP BY ;
2. 可利用联结从多个表插入数据;
3. 不管从多少个表中检索数据,数据都只能插入到一个表中
```sql
CREATE TABLE CustCopy AS
SELECT * FROM Customers;
-- 创建新表CustCopy,并将Customers所有列和类型复制过去
```
## 12.更新和删除数据
### 更新数据
```sql
UPDATE Customers
SET cust_contact = 'Sam Roberts',
cust_email = 'sam@toyland.com'
WHERE cust_id = '1000000006';
```
### 删除数据
```sql
DELETE FROM Customers
WHERE cust_id = '1000000006';
-- ELETE 删除整行而不是删除列
-- TRUNCATE TABLE可以更快的清空表
```
> 使用外键确保引用完整性的一个好处是,DBMS 通 常 可 以 防 止 删 除 某 个 关 系 需 要 用 到 的 行 。   
例如 , 要从Products表中删除一个产品,而这个产品用在 OrderItems 的已有订单中,那么DELETE 语句将抛出错误并中止。
## 13.创建和操纵表
### 创建表
#### 使用null
```sql
CREATE TABLE Products
(
    prod_id     CHAR(10)    NOT NULL,
    vend_id     CHAR(10)    NOT NULL,
    prod_name   CHAR(254)   NOT NULL,
    prod_price  DECIMAL(8,2)    NOT NULL,
    prod_desc   VARCHAR(1000)   NULL
);
-- decimal(8,2)中的“2”表示小数部分的位数，如果插入的值未指定小数部分或者小数部分不足两位则抄会自动补到2位小数，若插入的值小数部百分超过了2为则会发生截断，截取前2位小数。“8”指的是整数部分加小数部分的总长度，也即插入的数字整数部分不能超过“8-2”位，否则不能成功插度入，会报超出范围的错误。
```
*只有不允许 NULL值的列可作为主键,允许 NULL 值的列不能作为唯一标识*

#### 指定默认值
```sql
CREATE TABLE OrderItems
(
order_num   INTEGER     NOT NULL,
order_item  INTEGER     NOT NULL,
prod_id     CHAR(10)    NOT NULL,
quantity    INTEGER     NOT NULL    DEFAULT 1,
item_price  DECIMAL(8,2)    NOT NULL,
);
-- DEFAULT CURRENT_DATE()  默认系统日期
```
### 更新表
1. 理想情况下,不要在表中包含数据时对其进行更新。应该在表的设计过程中充分考虑未来可能的需求,避免今后对表的结构做大改动。
2. 所有的 DBMS 都允许给现有的表增加列,不过对所增加列的数据类型(以及 NULL 和 DEFAULT 的使用)有所限制。
3. 许多 DBMS 不允许删除或更改表中的列。
4. 多数 DBMS 允许重新命名表中的列。
5. 许多 DBMS 限制对已经填有数据的列进行更改,对未填有数据的列几乎没有限制。
```sql
-- 新增列
ALTER TABLE Vendors
ADD vend_phone CHAR(20);
-- 删除列
ALTER TABLE Vendors
DROP COLUMN vend_phone;
```
复杂的表结构更改一般需要手动删除过程,它涉及以下步骤:

    (1) 用新的列布局创建一个新表;  
    (2) 使用 INSERT SELECT 语句(关于这条语句的详细介绍,请参阅第 15课)从旧表复制数据到新表。有必要的话,可以使用转换函数和计算字段;
    (3) 检验包含所需数据的新表;
    (4) 重命名旧表(如果确定,可以删除它);
    (5) 用旧表原来的名字重命名新表;
    (6) 根据需要,重新创建触发器、存储过程、索引和外键。
### 删除表
*DBMS强制实施有关规则,防止删除与其他表相关联的表*
```sql
DROP TABLE CustCopy;
```
### 重命名
```sql
RENAME TABLE table_1 TO table_2;
```
## 14.使用视图
### 视图介绍
视图的一些常见应用
1. 重用 SQL 语句。
2. 简化复杂的 SQL 操作。在编写查询后,可以方便地重用它而不必知道其基本查询细节。
3. 使用表的一部分而不是整个表。
4. 保护数据。可以授予用户访问表的特定部分的权限,而不是整个表的访问权限。
5. 更改数据格式和表示。视图可返回与底层表的表示和格式不同的数据。

### 视图的规则和限制
最常见的规则和限制
1. 与表一样,视图必须唯一命名(不能给视图取与别的视图或表相同的名字)。
2. 对于可以创建的视图数目没有限制。
3. 创建视图,必须具有足够的访问权限。这些权限通常由数据库管理人员授予。
4. 视图可以嵌套,即可以利用从其他视图中检索数据的查询来构造视
图。所允许的嵌套层数在不同的 DBMS 中有所不同(嵌套视图可能会
严重降低查询的性能,因此在产品环境中使用之前,应该对其进行全面测试)。
5. 许多 DBMS 禁止在视图查询中使用 ORDER BY 子句。
6. 有些 DBMS 要求对返回的所有列进行命名,如果列是计算字段,则需要使用别名(关于列别名的更多信息,请参阅第 7 课)
。
7. 视图不能索引,也不能有关联的触发器或默认值。
8. 有些 DBMS 把视图作为只读的查询,这表示可以从视图检索数据,但不能将数据写回底层表。详情请参阅具体的 DBMS 文档。
9. 有些 DBMS 允许创建这样的视图,它不能进行导致行不再属于视图的插入或更新。例如有一个视图,只检索带有电子邮件地址的顾客。如果更新某个顾客,删除他的电子邮件地址,将使该顾客不再属于视图。这是默认行为,而且是允许的,但有的 DBMS 可能会防止这种情况发生。

### 创建视图
```sql
-- 创建
CREATE VIEW ProductCustomers AS
SELECT cust_name, cust_contact, prod_id
FROM Customers, Orders, OrderItems
WHERE Customers.cust_id = Orders.cust_id
AND OrderItems.order_num = Orders.order_num;

-- 使用
SELECT * FROM ProductCustomers;
-- 效果等同于
SELECT cust_name, cust_contact, prod_id
FROM Customers, Orders, OrderItems
WHERE Customers.cust_id = Orders.cust_id
AND OrderItems.order_num = Orders.order_num;

-- 使用语法跟查看表一样
SELECT cust_name, cust_contact
FROM ProductCustomers
WHERE prod_id = 'RGAN01';
```
#### 利用视图简化复杂的联结
```sql
CREATE VIEW ProductCustomers AS
SELECT cust_name, cust_contact, prod_id
FROM Customers, Orders, OrderItems
WHERE Customers.cust_id = Orders.cust_id
AND OrderItems.order_num = Orders.order_num;
```
#### 用视图重新格式化检索出的数据
```sql
SELECT concat(RTRIM(vend_name) + ' (' + RTRIM(vend_country) + ')')
AS vend_title
FROM Vendors
ORDER BY vend_name;

-- 如果需要长期使用 我们可以创建视图
CREATE VIEW view_name as 
SELECT * FROM CONCAT(RTRIM(vend_name) + '(' + RTRIM(vend_country) + ')') 
AS vend_title
FROM Vendors
ORDER BY vend_name;

-- 效果同最上方查询语句一致
SELECT * FROM view_name;
```
#### 用视图过滤不想要的数据
```sql
CREATE VIEW view_name as
SELECT * 
FROM Customers
WHERE cusr_email is not null;
```
#### 使用视图与计算字段
```sql
CREATE VIEW view_name AS
SELECT quantity * price as expanded_price
FROM table_1
where price > 300;
```
## 15.使用存储过程
存储过程的好处
1. 通过把处理封装在一个易用的单元中,可以简化复杂的操作(如前面例子所述)。
2. 由于不要求反复建立一系列处理步骤,因而保证了数据的一致性。如果所有开发人员和应用程序都使用同一存储过程,则所使用的代码都是相同的
3. 简化对变动的管理。如果表名、列名或业务逻辑(或别的内容)有变化,那么只需要更改存储过程的代码。使用它的人员甚至不需要知道这些变化。这一点的延伸就是安全性。通过存储过程限制对基础数据的访问,减少了数据讹误(无意识的或别的原因所导致的数据讹误)的机会。
4. 因为存储过程通常以编译过的形式存储,所以 DBMS 处理命令所需的工作量少,提高了性能。
5. 存在一些只能用在单个请求中的 SQL 元素和特性,存储过程可以使用它们来编写功能更强更灵活的代码。

**储过程有三个主要的好处,即简单、安全、高性能。**
## 16.管理事物处理
*事务处理是一种机制,用来管理必须成批执行的 SQL 操作,保证数据库不包含不完整的操作结果。利用事务处理,可以保证一组操作不会中途停止,它们要么完全执行,要么完全不执行(除非明确指示)。如果没有错误发生,整组语句提交给(写到)数据库表;如果发生错误,则进行回退(撤销)*

*事务处理用来管理 INSERT 、 UPDATE 和 DELETE 语句,将数据库恢复到某个已知且安全的状态。*

>一般来说，事务是必须满足4个条件（ACID）：原子性（Atomicity，或称不可分割性）、一致性（Consistency）、隔离性（Isolation，又称独立性）、持久性（Durability）。

>原子性：一个事务（transaction）中的所有操作，要么全部完成，要么全部不完成，不会结束在中间某个环节。事务在执行过程中发生错误，会被回滚（Rollback）到事务开始前的状态，就像这个事务从来没有执行过一样。

>一致性：在事务开始之前和事务结束以后，数据库的完整性没有被破坏。这表示写入的资料必须完全符合所有的预设规则，这包含资料的精确度、串联性以及后续数据库可以自发性地完成预定的工作。

>隔离性：数据库允许多个并发事务同时对其数据进行读写和修改的能力，隔离性可以防止多个事务并发执行时由于交叉执行而导致数据的不一致。事务隔离分为不同级别，包括读未提交（Read uncommitted）、读提交（read committed）、可重复读（repeatable read）和串行化（Serializable）。

>持久性：事务处理结束后，对数据的修改就是永久的，即便系统故障也不会丢失。
**术语**
1. 事务(transaction)指一组 SQL 语句;
2. 回退(rollback)指撤销指定 SQL 语句的过程;
3. 提交(commit)指将未存储的 SQL 语句结果写入数据库表;
4. 保留点(savepoint)指事务处理中设置的临时占位符(placeholder)可以对它发布回退(与回退整个事务处理不同)。
```sql
-- 启动事物的标志
START TRANSACTION
```
### commit 提交
*一般的 SQL 语句都是针对数据库表直接执行和编写的。这就是所谓的隐式提交(implicit commit),即提交(写或保存)操作是自动进行的。在事务处理块中,提交不会隐式进行。*
```sql
START TRANSACTION
DELETE OrderItems WHERE order_num = 12345;
DELETE Orders WHERE order_num = 12345;
COMMIT;
```
### 使用保留点
*如果需要回退,可以回退到某个占位符*
```sql
SAVEPOINT delete1;  -- 每个保留点都要取能够标识它的唯一名字

-- 回退到保留点
ROLLBACK TO delete1;


start transaction;
update india_appbackend_test.v_codes set is_used=1 where phone = 5845971562 and apply_type="login" order by id desc limit 1;
savepoint s1;
update india_appbackend_test.v_codes set created_at=now(), is_used=1 where phone = 5845971562 and apply_type="login" order by id desc limit 1;
SELECT created_at, v_code, is_used FROM india_appbackend_test.v_codes where phone = 5845971562 order by id desc limit 1;
rollback to s1;
SELECT created_at, v_code, is_used FROM india_appbackend_test.v_codes where phone = 5845971562 order by id desc limit 10;
commit;
```
**实例**
```sql
DELIMITER $$  
BEGIN  
DECLARE t_error INTEGER DEFAULT 0;  
DECLARE CONTINUE HANDLER FOR SQLEXCEPTION SET t_error=1 ;        
START TRANSACTION;  
UPDATE table1 SET a = '111';
INSERT INTO table2 (b) VALUES ('222');
INSERT INTO table3 (c) VALUES ('333');   
IF t_error = 1 THEN  
   ROLLBACK;  
ELSE  
   COMMIT;  
END IF;      
END$$  
DELIMITER ;  
```
## 17.约束
### 主键
表中任意列只要满足以下条件,都可以用于主键。
1. 任意两行的主键值都不相同。
2. 每行都具有一个主键值(即列中不允许 NULL 值)
3. 包含主键值的列从不修改或更新。(大多数 DBMS 不允许这么做,但如果你使用的 DBMS 允许这样做,好吧,千万别!)
4. 主键值不能重用。如果从表中删除某一行,其主键值不分配给新行。
```sql
-- 创建时定义
CREATE TABLE Vendors
(
vend_id         CHAR(10)    NOT NULL PRIMARY KEY, -- 主键
vend_name       CHAR(50)    NOT NULL,
vend_address    CHAR(50)    NULL,
vend_city       CHAR(50)    NULL,
vend_state      CHAR(5)     NULL,
vend_zip        CHAR(10)    NULL,
vend_country    CHAR(50)    NULL
);

-- 增加列的约束
ALTER TABLE Vendors
ADD CONSTRAINT PRIMARY KEY (vend_id);
```

### 外键
REFERENCES 关键字,它表示 cust_id 中的任何值都必须是 Customers 表的 cust_id 中的值。
```sql
-- 创建时
CREATE TABLE Orders
(
    order_num   INTEGER     NOT NULL PRIMARY KEY,
    order_date  DATETIME    NOT NULL,
    cust_id     CHAR(10)    NOT NULL REFERENCES Customers(cust_id)
)

-- 增加列的约束
ALTER TABLE Orders
ADD CONSTRAINT 
FOREIGN KEY (cusr_id) REFERENCES Customers(cusr_id)
```
### 唯一约束
唯一约束用来保证一列(或一组列)中的数据是唯一的。它们类似于主键,但存在以下重要区别。
1. 表可包含多个唯一约束,但每个表只允许一个主键。
2. 唯一约束列可包含 NULL 值。
3. 唯一约束列可修改或更新。
4. 唯一约束列的值可重复使用。
5. 与主键不一样,唯一约束不能用来定义外键。
```sql
(
    order_num   INTEGER     NOT NULL PRIMARY KEY,
    order_date  DATETIME    NOT NULL,
    cust_id     CHAR(10)    NOT NULL REFERENCES Customers(cust_id),
    name_id     INTEGER     NOT NULL UNIQUE
)
```
### 检查约束
检查约束用来保证一列(或一组列)中的数据满足一组指定的条件。检查约束的常见用途有以下几点。
1. 检查最小或最大值。例如,防止 0 个物品的订单(即使 0 是合法的数)
2. 指定范围。例如,保证发货日期大于等于今天的日期,但不超过今天起一年后的日期。
3. 只允许特定的值。例如,在性别字段中只允许 M 或 F 。
```sql
CREATE TABLE OrderItems
(
    order_num   INTEGER     NOT NULL PRIMARY KEY,
    order_date  DATETIME    NOT NULL,
    cust_id     CHAR(10)    NOT NULL REFERENCES Customers(cust_id),
    quantity    INTEGER     NOT NULL CHECK (quantity > 0)
)

-- 插入约束
ALTER TABLE OrderItems
ADD CONSTRAINT CHECK (gender LIKE '[MF]')
```
### 索引
注意事项:
1. 索引改善检索操作的性能,但降低了数据插入、修改和删除的性能。在执行这些操作时,DBMS 必须动态地更新索引。
2. 索引数据可能要占用大量的存储空间。
3. 并非所有数据都适合做索引。取值不多的数据(如州)不如具有更多可能值的数据(如姓或名),能通过索引得到那么多的好处。
4. 索引用于数据过滤和数据排序。如果你经常以某种特定的顺序排序数据,则该数据可能适合做索引。。这样的索引仅在以州
5. 可以在索引中定义多个列(例如,州加上城市)加城市的顺序排序时有用。如果想按城市排序,则这种索引没有用处。
```sql
CREATE INDEX prod_name_ind
ON Products (prod_name);
```
#### 单索引失效
模型数空运最快

1. 数据类型错误: 隐式转换导致索引失效
- 字段为数字,where条件用了字符串
2. 索引不存空值: 使用 `not in` `!=` `or` `<` `>` `is NULL` (主键索引例外)
3. 模糊查询: 使用通配符%, 可以通过覆盖索引解决(即只查索引那个字段), 或者将通配符放置后面也可以解决
4. 当全表扫描速度快于索引
5. 数: 使用函数
6. 运算: 对索引列进行（+，-，*，/，!, !=, <>）等运算
#### 多索引失效
1. 最左匹配原则

#### 索引优缺点
优点：
1. 大大加快数据的检索速度;   
2. 创建唯一性索引，保证数据库表中每一行数据的唯一性;   
3. 加速表和表之间的连接;   
4. 在使用分组和排序子句进行数据检索时，可以显著减少查询中分组和排序的时间。

缺点：
1. 索引需要占用数据表以外的物理存储空间
2. 创建索引和维护索引要花费一定的时间
3. 当对表进行更新操作时，索引需要被重建，这样降低了数据的维护速度。

#### 索引实现方式
1. B+树
我们经常听到B+树就是这个概念，用这个树的目的和红黑树差不多，也是为了尽量保持树的平衡，当然红黑树是二叉树，但B+树就不是二叉树了，节点下面可以有多个子节点，数据库开发商会设置子节点数的一个最大值，这个值不会太小，所以B+树一般来说比较矮胖，而红黑树就比较瘦高了。
关于B+树的插入，删除，会涉及到一些算法以保持树的平衡，这里就不详述了。ORACLE的默认索引就是这种结构的。
如果经常需要同时对两个字段进行AND查询,那么使用两个单独索引不如建立一个复合索引，因为两个单独索引通常数据库只能使用其中一个，而使用复合索引因为索引本身就对应到两个字段上的，效率会有很大提高。
2. 散列索引
第二种索引叫做散列索引，就是通过散列函数来定位的一种索引，不过很少有单独使用散列索引的，反而是散列文件组织用的比较多。散列文件组织就是根据一个键通过散列计算把对应的记录都放到同一个槽中，这样的话相同的键值对应的记录就一定是放在同一个文件里了，也就减少了文件读取的次数，提高了效率。散列索引呢就是根据对应键的散列码来找到最终的索引项的技术，其实和B树就差不多了，也就是一种索引之上的二级辅助索引，我理解散列索引都是二级或更高级的稀疏索引，否则桶就太多了，效率也不会很高。
3. 位图索引
位图索引是一种针对多个字段的简单查询设计一种特殊的索引，适用范围比较小，只适用于字段值固定并且值的种类很少的情况，比如性别，只能有男和女，或者级别，状态等等，并且只有在同时对多个这样的字段查询时才能体现出位图的优势。位图的基本思想就是对每一个条件都用0或者1来表示，如有5条记录，性别分别是男，女，男，男，女，那么如果使用位图索引就会建立两个位图，对应男的10110和对应女的01001,这样做有什么好处呢，就是如果同时对多个这种类型的字段进行and或or查询时，可以使用按位与和按位或来直接得到结果了。B+树最常用，性能也不差，用于范围查询和单值查询都可以。特别是范围查询，非得用B+树这种顺序的才可以了。HASH的如果只是对单值查询的话速度会比B+树快一点，但是ORACLE好像不支持HASH索引，只支持HASH表空间。位图的使用情况很局限，只有很少的情况才能用，一定要确定真正适合使用这种索引才用（值的类型很少并且需要复合查询），否则建立一大堆位图就一点意义都没有了。


#### 聚簇索引&非聚簇索引
都是B+树的数据结构

- 聚簇索引：将数据存储和索引放在一起、并且是按照一定的顺序组织的，找到索引也就找到了数据，数据的物理存放顺序与索引顺序是一致的，即：只要索引是相邻的，那么对应的数据一定也是相邻的存放在磁盘上的。
- 非聚簇索引：叶子节点不存储数据，存储的是数据行地址，也就是说根据索引查找到数据行的位置再去磁盘查找数据，这就有点类似一本书的目录，比如要找到第三章第一节，那就现在目录里面查找，找到对应的页码后再去对应的页码看文章。

优势
1. 查找通过聚簇索引可以直接获取到数据，相比非聚簇索引需要第二次查询(覆盖索引除外)效率要高
2. 聚簇索引对范围查询的效率很高，因为其数据是按照大小排列的
3. 聚簇索引适合用在排序场合，非聚簇索引不适合。

劣势
1. 维护索引代价大，特别是插入新行或者主键被更新导致要分页的时候。建议在大量插入新行后，选择负载较低的时间段，通过OPTIMIZE TABLE优化表
2. 表因为使用UUID作为主键，使数据存储稀疏，这就会出现聚簇索引有可能会比全表扫面更慢，所以建议使用int的auto_increment作为主键。
3. 如果主键比较大的话，那辅助索引将会变得更大，因为辅助索引的叶子节点存储的是主键值，过长的主键值，会导致非叶子节点占用更多的物理空间

InnoDB中一定有主键，主键一定是聚簇索引，不手动设置，则会使用一个unique索引作为主键索引，没有unique索引，则会使用数据库内部的一个隐藏行id来当作主键索引。

在聚簇索引之上创建的索引称为辅助索引，辅助索引访问数据总是需要二次查找，非聚簇索引都是辅助索引，像复合索引，前缀索引、唯一索引。辅助索引叶子节点存储的不再是行的物理位置，而是主键值。

MyISM使用的是非聚簇索引，没有聚簇索引。
### 数据库安全
一般说来,需要保护的操作有:
1. 对数据库管理功能(创建表、更改或删除已存在的表等)的访问
2. 对特定数据库或表的访问
3. 访问的类型(只读、对特定列的访问等)
4. 仅通过视图或存储过程对表进行访问
5. 创建多层次的安全措施,从而允许多种基于登录的访问和控制
6. 限制管理用户账号的能力。




## 18. 数据库基础
### 四要素
原子性 一致性 隔离性 持久性
### 四事务
https://www.cnblogs.com/dingpeng9055/p/11190203.html

MySQL默认事务隔离级别是 REPEATABLE READ.在未commit的时候

读未提交(脏读) 读已提交(不可重复读) 重复读(幻读) 序列化
### 表锁
开销小，加锁快；不会出现死锁；锁定力度大，发生锁冲突概率高，并发度最低

MyISAM 只支持表锁

InnoDB 支持表锁和行锁

表共享锁 表独占写锁(mysql非索引字段)
### 行锁
开销大，加锁慢；会出现死锁；锁定粒度小，发生锁冲突的概率低，并发度高

innodb 行锁是基于索引加载的

共享锁（S）：允许一个事务去读一行，阻止其他事务获得相同数据集的排他锁。

排他锁（X)：允许获得排他锁的事务更新数据，阻止其他事务取得相同数据集的共享读锁和排他写锁
### 最左匹配
https://www.cnblogs.com/lanqi/p/10282279.html

最左匹配只有在联合索引时才会出现

最左优先，以最左边的为起点任何连续的索引都能匹配上。同时遇到范围查询(>、<、between、like)就会停止匹配。

原理: 索引的底层是B+树, 联合索引的底层也是B+树. 只是联合索引的键值有多个, 所以使用联合索引最左字段来构建B+树

这种构建方式导致只有通过最左字段才能使用索引, 且由于右侧字段的排序都依赖于左侧字段, 所以必须为连续的索引条件才能使用联合索引

`(1, 1) (1, 2) (2, 1) (2, 4) (3, 1)`

### 乐观锁
乐观锁常用于读多写少的场景, 在数据提交更新时才会正式对数据冲突与否进行检测

措施: 通过新建计数表确定提交前与事物前的值一致

### 悲观锁
悲观锁常用于写多读少的场景, 对数据修改持悲观态度,以最坏情况考虑

使用数据库引擎自带的共享锁和排他锁实现, 先锁后访问

劣势: 产生额外的开锁, 增加死锁几率 降低并行性

`select * from table where id = 1 for update` 开启排它锁

如果条件为索引则使用行锁, 否则都是表锁

# 其他
## 创建数据库
`create database 数据库名 default charset=utf8mb4;`
## 用户
### 创建用户
`create user '用户名'@'host' identified by '密码';`
- host: 指定该用户在哪个主机上可以登陆，如果是本地用户可用`localhost`，如果想让该用户可以从任意远程主机登陆，可以使用通配符`%`
- 密码可以为空，如果为空则该用户可以不需要密码登陆服务器
### 修改密码
`SET PASSWORD FOR 'username'@'host' = PASSWORD('newpassword');`
- 如果是当前用户`set password=password("123");`

### 删除用户
`drop user '用户名'@'host';`
## 权限
### 配置权限
`grant all on 数据库名.表名 to '用户名'@'地址';`
- 用户的操作权限，如SELECT，INSERT，UPDATE等，如果要授予所的权限则使用ALL
- 表名，如果要授予该用户对所有数据库和表的相应操作权限则可用`*`表示，如`*.*`

如果需要创建具备配置权限功能的账号:需要在后面`WITH GRANT OPTION`:
- `GRANT privileges ON databasename.tablename TO 'username'@'host' WITH GRANT OPTION;`
### 撤销权限
`REVOKE ALL ON 数据库名.表名 to '用户名'@'host';`
- 用户的操作权限，如SELECT，INSERT，UPDATE等，如果要授予所的权限则使用ALL
- 表名，如果要授予该用户对所有数据库和表的相应操作权限则可用`*`表示，如`*.*`



# docker
配置

- MYSQL_ROOT_PASSWORD=123456 root用户密码
- MYSQL_DATABASE=myproject 数据库名
- MYSQL_USER=dbuser 普通用户名
- MYSQL_PASSWORD=password  普通用户密码