# sql必知必会
## 1.检索数据
### 限制结果数
1. Sql Server 和 Access 
```sql
select top 5 column from table;
```
2.  DB2
```sql
select column from table fetch first 5 rows only;
```
3. Oracle
```sql
select column from table where rownum <=5;
-- rounum行计数器
```
4. MySql
```sql
select column from table limit 5;
```
### 偏移
**偏移一定要结合限制结果数一起使用**
```sql
SELECT * FROM ind_sms_prod.sms_flows order by id desc LIMIT 5 OFFSET 5;
-- 从第6行(含第6行)开始,显示5条结果(即6-10)
```
> MySQL、MariaDB 和 SQLite 支持简化版的 LIMIT 4 OFFSET 3 语句,即LIMIT 3,4 。使用这个语法,逗号之前的值对应 OFFSET ,逗号之后的值对应 LIMIT 。
```sql
SELECT * FROM ind_sms_prod.sms_flows order by id desc LIMIT 4,5;
-- 逗号之前的值对应 OFFSET ,逗号之后的值对应 LIMIT 
```
### 消除重复行
**关键字DISTINCT**
```sql
SELECT DISTINCT column from table;
```
## 2.排序数据
### 单个列排序
```sql
SELECT * FROM table_name ORDER BY column;
```
### 多个列排序
```sql
SELECT * FROM table_name ORDER BY c1, c2;
-- 先对c1排序,c1存在多个相同值时才对c2进行排序
SELECT c1, c2, c3 FROM table_name ORDER BY 2, 3;
-- 采用相对位置(select指定的位置)进行排序, 先对c2排序,再对c3排序
```
### 倒序
```sql
SELECT c1, c2, c3 FROM table_name ORDER BY 2 DESC, 3;
-- c2进行倒序,c3进行顺序
```
## 3.过滤数据(WHERE)
### 匹配操作符
|表达式|说明|
|-|-|
|=|等于|
|<>|不等于|
|!=|不等于|
|<|小于|
|<=|小于等于|
|!<|不小于|
|>|大于|
|>=|大于等于|
|!>|不大于|
|BETWEEN|区间|
|IS NULL|为null值|
```sql
-- 区间
SELECT * FROM TABLE_NAME WHERE C1 BETWEEN 5 AND 10; -- 开始值 and 结束值
```
### 逻辑操作符
```sql
-- AND 操作符
SELECT * FROM TABLE_NAME WHERE c1>10 and c2<10;
-- OR 操作符
SELECT * FROM TABLE_NAME WHERE c1>10 or c2<10;
```
**操作符顺序**
```sql
-- 在处理 OR 操作符前,优先处理 AND 操作符(AND优先级较高)
-- 如果需要进行组合需要对同组逻辑加括号,括号的优先级更高
SELECT * FROM TABLE_NAME WHERE (c1="A" or c1="B") and c2 > 30;
```
### IN操作符
```sql
SELECT * FROM TABLE_NAME WHERE c1 IN ('A', 'B');
-- IN 操作符完成了与 OR 相同的功能, 与下方相当
SELECT * FROM TABLE_NAME WHERE c1 = 'A' OR c1 = 'B';
```
### NOT操作符
```sql
-- 用来否定操作符之后的逻辑
-- 1.
SELECT * FROM TABLE_NAME WHERE NOT c1 = 30; -- 可以用!=代替
-- 2.
SELECT * FROM TABLE_NAME WHERE c1 NOT IN ('20', '30');
```
## 4.通配符
### LIKE操作符
> 1. 不要过度使用通配符。如果其他操作符能达到相同的目的,应该使用其他操作符。
> 2. 在确实需要使用通配符时,也尽量不要把它们用在搜索模式的开始处。把通配符置于开始处,搜索起来是最慢的。
> 3. 仔细注意通配符的位置。如果放错地方,可能不会返回想要的数据。
#### % 通配符
**% 表示任何字符出现任意次数**
```sql
SELECT * FROM TABLE_NAME WHERE c1 LIKE "%xi%";  -- 可以匹配 sdadasxisadas
```
#### _ 通配符
**只匹配单个字符且一定有字符**
```sql
SELECT * FROM TABLE_NAME WHERE c1 LIKE "_xi_";  -- 可以匹配 sxia
```
#### [] 通配符
**方括号( [] )通配符用来指定一个字符集,只能匹配单个字符**
```sql
SELECT * FROM TABLE_NAME WHERE c1 LIKE "[JFT]xixi"  -- 可以匹配 Jxixi Fxixi Txixi
-- 结合%使用
SELECT * FROM TABLE_NAME WHERE c1 LIKE "[JFT]%xixi"  -- 可以匹配 Jcxfsaxixi
-- 结合^(脱字号)使用 
SELECT * FROM TABLE_NAME WHERE c1 LIKE "[^JFT]%xixi" -- 可以匹配 Avcbdgxixi
```
## 5.计算字段
### 计算(拼接)字段
**每种数据库语法不同必须MySql使用函数 CONCAT(), 其他可用 "+" 或者 "||" 进行拼接**
```sql
-- MySql 
SELECT concat(id, "(", sms_phone, ")") FROM ind_sms_prod.sms_flows LIMIT 5;
-- mysql> SELECT concat(id, "(", sms_phone, ")") FROM ind_sms_prod.sms_flows LIMIT 5;
-- +---------------------------------+
-- | concat(id, "(", sms_phone, ")") |
-- +---------------------------------+
-- | 1(1234567896)                   |
-- | 2(1234567896)                   |
-- | 3(8855223367)                   |
-- | 4(8855223367)                   |
-- | 5(8855223367)                   |
-- +---------------------------------+
-- 5 rows in set (0.00 sec)

```
### 去除文本的空格填充

```RTRIM()``` 去除右边空格
```LTRIM()``` 去除左边空格
```TRIM()```  去除左右两侧空格
```sql
SELECT RTRIM(concat(id, "(", sms_content, ")")) FROM ind_sms_prod.sms_flows LIMIT 5;
-- mysql> SELECT RTRIM(concat(id, "(", phone, ")")) as pinjie FROM india_appbackend_test.v_codes LIMIT 5;
-- +-------------------+
-- | pinjie            |
-- +-------------------+
-- | 11016(0000000000) |
-- | 11021(0000000000) |
-- | 9002(0000462365)  |
-- | 9170(0000462365)  |
-- | 7108(0000589418)  |
-- +-------------------+
-- 5 rows in set (0.00 sec)

```
### 别名
**别名最常见的使用是将多个单词的列名重命名为一个单词的名字**
```sql
SELECT RTRIM(concat(id, "(", phone, ")")) as pinjie FROM india_appbackend_test.v_codes LIMIT 5;
-- mysql> SELECT RTRIM(concat(id, "(", phone, ")")) as pinjie FROM india_appbackend_test.v_codes LIMIT 5;
-- +-------------------+
-- | pinjie            |
-- +-------------------+
-- | 11016(0000000000) |
-- | 11021(0000000000) |
-- | 9002(0000462365)  |
-- | 9170(0000462365)  |
-- | 7108(0000589418)  |
-- +-------------------+
-- 5 rows in set (0.00 sec)
```
### 算术操作符

|操作符|说明|
|-|-|
|+|加|
|-|减|
|*|乘|
|/|除|

```sql
-- 乘积
SELECT id, v_code, phone, v_code * phone as expanded FROM india_appbackend_test.v_codes order by id desc;
-- mysql> SELECT id, v_code, phone, v_code * phone as expanded FROM india_appbackend_test.v_codes order by id desc limit 5;
-- +-------+--------+------------+----------------------+
-- | id    | v_code | phone      | expanded             |
-- +-------+--------+------------+----------------------+
-- | 42101 | 982244 | 0536480587 |      526954837697228 |
-- | 42100 | 256171 | 0536480587 |      137430768452377 |
-- | 42099 | 798665 | 5719799055 | 4.568203312261575e15 |
-- | 42098 | 295203 | 5719799055 | 1.688501840433165e15 |
-- | 42097 | 942143 | 9123456115 | 8.595600314554445e15 |
-- +-------+--------+------------+----------------------+
-- 5 rows in set (0.00 sec)
```
## 6.函数
```sql
-- 每个DBMS都是不同的函数,以下以mysql举例
-- 提取字符串组成
SUBSTRING()
-- 数据类型转换
CONVERT()
-- 取当前日期
CURDATE()
```
### 文本处理函数
|函数|说明|
|-|-|
|LEN()|返回字符串的长度|
|LOWER()|将字符串转换为小写|
|UPPER()|将字符串转换为大写|
|LEFT()|返回字符串左边的字符|
|RIGHT()|返回字符串右边的字符|
|LTRIM()|去掉字符串左边的空格|
|RTRIM()|去掉字符串右边的空格|
|SOUNDEX()|返回字符串的SOUNDEX值, 用于发音之类的搜索平时较少用|
```sql
SELECT UPPER(apply_type), LOWER(apply_type), length(apply_type) FROM india_appbackend_test.v_codes order by id desc LIMIT 5;
-- 大写 小写 长度
-- mysql> SELECT UPPER(apply_type), LOWER(apply_type), length(apply_type) FROM india_appbackend_test.v_codes order by id desc LIMIT 5;
-- +-------------------+-------------------+--------------------+
-- | UPPER(apply_type) | LOWER(apply_type) | length(apply_type) |
-- +-------------------+-------------------+--------------------+
-- | SIGNATURE         | signature         |                  9 |
-- | LOGIN             | login             |                  5 |
-- | LOGIN             | login             |                  5 |
-- | LOGIN             | login             |                  5 |
-- | LOGIN             | login             |                  5 |
-- +-------------------+-------------------+--------------------+
-- 5 rows in set (0.00 sec)
SELECT apply_type, RIGHT(apply_type, 3),LEFT(apply_type, 4) FROM india_appbackend_test.v_codes order by id desc limit 5;
-- mysql> SELECT apply_type, RIGHT(apply_type, 3),LEFT(apply_type, 4) FROM india_appbackend_test.v_codes order by id desc limit 5;
-- +------------+----------------------+---------------------+
-- | apply_type | RIGHT(apply_type, 3) | LEFT(apply_type, 4) |
-- +------------+----------------------+---------------------+
-- | login      | gin                  | logi                |
-- | login      | gin                  | logi                |
-- | login      | gin                  | logi                |
-- | signature  | ure                  | sign                |
-- | signature  | ure                  | sign                |
-- +------------+----------------------+---------------------+
-- 5 rows in set (0.00 sec)
```
### 日期和时间处理函数
```sql
SELECT id,created_at,year(created_at) FROM india_appbackend_test.v_codes where year(created_at)=2019  order by id desc limit 5;
-- mysql> SELECT id,created_at,year(created_at) FROM india_appbackend_test.v_codes where year(created_at)=2019  order by id desc limit 5;
-- +-------+---------------------+------------------+
-- | id    | created_at          | year(created_at) |
-- +-------+---------------------+------------------+
-- | 22683 | 2019-12-31 15:24:01 |             2019 |
-- | 22682 | 2019-12-31 15:14:39 |             2019 |
-- | 22681 | 2019-12-31 15:13:51 |             2019 |
-- | 22680 | 2019-12-31 15:12:37 |             2019 |
-- | 22679 | 2019-12-31 15:11:04 |             2019 |
-- +-------+---------------------+------------------+
-- 5 rows in set (0.02 sec)
```
### 数值处理函数
|函数|说明|
|-|-|
|ABS()|返回一个数的绝对值|
|COS()|返回一个角度的余弦|
|EXP()|返回一个数的指数值|
|PI()|返回圆周率|
|SIN()|返回一个角度的正弦|
|SQRT()|返回一个数的平方根|
|TAN()|返回一个角度的正切|
```sql
SELECT phone, abs(phone), cos(phone), pi(), sin(phone), sqrt(phone), tan(phone) FROM india_appbackend_test.v_codes order by id desc limit 5;
-- mysql> SELECT phone, abs(phone), cos(phone), pi(), sin(phone), sqrt(phone), tan(phone) FROM india_appbackend_test.v_codes order by id desc limit 5;
-- +------------+------------+---------------------+----------+----------------------+-------------------+----------------------+
-- | phone      | abs(phone) | cos(phone)          | pi()     | sin(phone)           | sqrt(phone)       | tan(phone)           |
-- +------------+------------+---------------------+----------+----------------------+-------------------+----------------------+
-- | 8314986571 | 8314986571 | -0.9940441393145951 | 3.141593 | -0.10897820467554846 | 91186.54819105721 |  0.10963115254689815 |
-- | 8314986571 | 8314986571 | -0.9940441393145951 | 3.141593 | -0.10897820467554846 | 91186.54819105721 |  0.10963115254689815 |
-- | 8314986571 | 8314986571 | -0.9940441393145951 | 3.141593 | -0.10897820467554846 | 91186.54819105721 |  0.10963115254689815 |
-- | 8314986571 | 8314986571 | -0.9940441393145951 | 3.141593 | -0.10897820467554846 | 91186.54819105721 |  0.10963115254689815 |
-- | 7252722872 | 7252722872 |  0.9593197489283884 | 3.141593 |  -0.2823218364136464 | 85162.91958358402 | -0.29429378132683603 |
-- +------------+------------+---------------------+----------+----------------------+-------------------+----------------------+
-- 5 rows in set (0.00 sec)

```
## 7.汇总数据
**SQL汇集函数**
|函数|说明|
|-|-|
|AVG()|返回某列的平均值|
|COUNT()|返回某列的行数|
|MAX()|返回某列的最大值|
|MIN()|返回某列的最小值|
|SUM()|返回某列值之和|
*tips:使用 COUNT(column) 对特定列中具有值的行进行计数, 忽略null.如果用COUNT(*)则不忽略*
```sql
SELECT avg(v_code), avg(DISTINCT v_code), count(v_code), max(v_code), min(v_code), sum(v_code) FROM india_appbackend_test.v_codes order by id desc limit 5;
-- mysql> SELECT avg(v_code), avg(DISTINCT v_code), count(v_code), max(v_code), min(v_code), sum(v_code) FROM india_appbackend_test.v_codes order by id desc limit 5;
-- +-------------------+----------------------+---------------+-------------+-------------+-------------+
-- | avg(v_code)       | avg(DISTINCT v_code) | count(v_code) | max(v_code) | min(v_code) | sum(v_code) |
-- +-------------------+----------------------+---------------+-------------+-------------+-------------+
-- | 500226.9508040953 |    500129.9343185948 |         42097 | 999999      | 000032      | 21058053948 |
-- +-------------------+----------------------+---------------+-------------+-------------+-------------+
-- 1 row in set (0.04 sec)
```
### 分组函数
```sql
SELECT count(*), apply_type FROM india_appbackend_test.v_codes group by apply_type order by id desc;
-- mysql> SELECT count(*), apply_type FROM india_appbackend_test.v_codes group by apply_type order by id desc;
-- +----------+----------------+
-- | count(*) | apply_type     |
-- +----------+----------------+
-- |      115 | call_signature |
-- |       20 | call_login     |
-- |    19907 | signature      |
-- |    22095 | login          |
-- +----------+----------------+
-- 4 rows in set (0.05 sec)
```
### 过滤分组
*1. HAVING 支持所有 WHERE 操作符  
2.WHERE过滤行,而 HAVING 过滤分组  
3.WHERE 在数据分组前进行过滤, HAVING 在数据分组后进行过滤。  
4.这是一个重要的区别, WHERE 排除的行不包括在分组中。这可能会改变计算值,从而影响 HAVING 子句中基于这些值过滤掉的分组。*
```sql
SELECT count(*), apply_type FROM india_appbackend_test.v_codes group by apply_type having count(*) > 30 order by id desc;
-- mysql> SELECT count(*), apply_type FROM india_appbackend_test.v_codes group by apply_type having count(*) > 30 order by id desc;
-- +----------+----------------+
-- | count(*) | apply_type     |
-- +----------+----------------+
-- |      115 | call_signature |
-- |    19907 | signature      |
-- |    22095 | login          |
-- +----------+----------------+
-- 3 rows in set (0.05 sec)
```
```sql
SELECT count(*), apply_type FROM india_appbackend_test.v_codes where created_at > '2020-01-01' group by apply_type having count(*) > 30;
-- mysql> SELECT count(*), apply_type FROM india_appbackend_test.v_codes where created_at > '2020-01-01' group by apply_type having count(*) > 30; 
-- +----------+----------------+
-- | count(*) | apply_type     |
-- +----------+----------------+
-- |      105 | call_signature |
-- |     9671 | signature      |
-- |     9706 | login          |
-- +----------+----------------+
-- 3 rows in set (0.06 sec)
```
### 分组排序
```sql
SELECT count(*), apply_type FROM india_appbackend_test.v_codes where created_at > '2020-01-01' group by apply_type having count(*) > 30 order by count(*) desc;
-- mysql> SELECT count(*), apply_type FROM india_appbackend_test.v_codes where created_at > '2020-01-01' group by apply_type having count(*) > 30 order by count(*) desc;
-- +----------+----------------+
-- | count(*) | apply_type     |
-- +----------+----------------+
-- |     9706 | login          |
-- |     9671 | signature      |
-- |      105 | call_signature |
-- +----------+----------------+
-- 3 rows in set (0.13 sec)
```
### 子句顺序
|子句|说明|是否必须使用|
|-|-|-|
|SELECT|要返回的列或表达式|是|
|FROM|从中检索数据的表|仅在从表选择数据时使用|
|WHERE|行级过滤|否|
|GROUP BY|分组说明|仅在按组计算聚集时使用|
|HAVING|组级过滤|否|
|ORDER BY|输出排序顺序|否|
## 8.子查询（subquery）
*在 SELECT 语句中,子查询总是从内向外处理。在处理上面的 SELECT 语句时,DBMS 实际上执行了两个操作。*
**完全限定列名：用一个句点分隔表名和列名,在有可能混淆列名时必须使用这种语法。**
```sql
SELECT * FROM india_underwriting_test.user_infos where user_phone = (SELECT phone FROM india_appbackend_test.v_codes where v_codes > 300000 order by id desc limit 1);
```
## 9.联结

*可伸缩(scale):能够适应不断增加的工作量而不失败。设计良好的数据库或应用程序称为可伸缩性好(scale well)。*

> 笛卡儿积(cartesian product):
由没有联结条件的表关系返回的结果为笛卡儿积。检索出的行的数目将是第一个表中的行数乘以第二个表中的行数。 
### 内联结(等值联结 equijoin)
```sql
-- 方法一
SELECT * FROM india_appbackend_test.mqr_device_infos a, india_appbackend_test.mqr_devices b where a.device_id=b.account_id limit 1;

-- mysql> SELECT * FROM india_appbackend_test.mqr_device_infos a, india_appbackend_test.mqr_devices b where a.device_id=b.account_id limit 1;
-- +----+---------------------+---------------------+------------+-----------+-----------+----------+---------------+--------------+----------------+---------+---------+---------+--------+---------------------+-----------------+------------------+------+-------------+----+---------------------+---------------------+------------+------------+
-- | id | created_at          | updated_at          | deleted_at | device_id | longitude | latitude | serial_number | used_storage | wifi_name      | storage | version | is_root | memory | model               | imei            | idfa             | mac  | ip          | id | created_at          | updated_at          | deleted_at | account_id |
-- +----+---------------------+---------------------+------------+-----------+-----------+----------+---------------+--------------+----------------+---------+---------+---------+--------+---------------------+-----------------+------------------+------+-------------+----+---------------------+---------------------+------------+------------+
-- |  2 | 2019-09-10 07:45:31 | 2019-09-10 07:45:31 | NULL       |         2 | 76        | 22       | auto jmeter   | 100T         | "qiyuan_guest" | 120T    | 90      | ?       | 30G    | qiyuan mobile phone | 367535629127095 | 32b6e40f93bf1e63 |      | 10.0.33.229 |  1 | 2019-09-10 07:40:44 | 2019-09-10 07:40:44 | NULL       |          2 |
-- +----+---------------------+---------------------+------------+-----------+-----------+----------+---------------+--------------+----------------+---------+---------+---------+--------+---------------------+-----------------+------------------+------+-------------+----+---------------------+---------------------+------------+------------+
-- 1 row in set (0.00 sec)

-- 方法二
SELECT * FROM india_appbackend_test.mqr_device_infos a inner join india_appbackend_test.mqr_devices b on a.device_id=b.account_id limit 1;
```
**支持多表联查**

*联结的表越多,性能下降越厉害。*
```sql
SELECT prod_name, vend_name, prod_price, quantity
FROM OrderItems a, Products b, Vendors c
WHERE b.vend_id = c.vend_id
AND a.prod_id = b.prod_id
AND order_num = 20007;
```
### 别名
```sql
-- 方式一: column aliasname
SELECT * FROM india_appbackend_test.mqr_device_infos a, india_appbackend_test.mqr_devices b where a.device_id=b.account_id limit 1;
-- 方式二: column as aliasname
SELECT * FROM india_appbackend_test.mqr_device_infos as a, india_appbackend_test.mqr_devices as b where a.device_id=b.account_id limit 1;
```
### 自联结(self-join)
*自联结多用来替代子查询*
```sql
-- 子查询
select * from india_appbackend_test.mqr_device_infos where device_id = (select account_id from india_appbackend_test.mqr_devices where id =20);
-- 自联查
select a.* from india_appbackend_test.mqr_device_infos a, india_appbackend_test.mqr_devices b where b.id=20 and a.device_id=b.account_id;

-- mysql> select a.* from india_appbackend_test.mqr_device_infos a, india_appbackend_test.mqr_devices b where b.id=20 and a.device_id=b.account_id;
-- +----+---------------------+---------------------+------------+-----------+-----------+----------+---------------+--------------+----------------+---------+---------+---------+--------+---------------------+-----------------+------------------+------+------------+
-- | id | created_at          | updated_at          | deleted_at | device_id | longitude | latitude | serial_number | used_storage | wifi_name      | storage | version | is_root | memory | model               | imei            | idfa             | mac  | ip         |
-- +----+---------------------+---------------------+------------+-----------+-----------+----------+---------------+--------------+----------------+---------+---------+---------+--------+---------------------+-----------------+------------------+------+------------+
-- | 36 | 2019-09-10 09:13:38 | 2019-09-10 09:13:38 | NULL       |        36 | 76        | 22       | auto jmeter   | 100T         | "qiyuan_guest" | 120T    | 90      | ?       | 30G    | qiyuan mobile phone | 367535629127095 | 32b6e40f93bf1e63 |      | 10.0.33.79 |
-- +----+---------------------+---------------------+------------+-----------+-----------+----------+---------------+--------------+----------------+---------+---------+---------+--------+---------------------+-----------------+------------------+------+------------+
-- 1 row in set (0.00 sec)
```
### 自然联结(natural join)
*自然联结排除多次出现,使每一列只返回一次。  
自然联结要求你只能选择那些唯一的列,一般通过对一个表使用通配符( SELECT * ),而对其他表的列使用明确的子集来完成。*
```sql
SELECT C.*, O.order_num, O.order_date,
OI.prod_id, OI.quantity, OI.item_price
FROM Customers AS C, Orders AS O, OrderItems AS OI
WHERE C.cust_id = O.cust_id
AND OI.order_num = O.order_num
AND prod_id = 'RGAN01';
```
### 外联结(outer join)(左/右联结 left/right)
*与内联结关联两个表中的行不同的是,外联结还包括没有关联行的行;  
RIGHT 指出的是 OUTER JOIN 右边的表选择所有行,而 LEFT 指出的是 OUTER JOIN左边的表选择所有行*
```sql
-- 左联结
SELECT a.id,a.device_id,b.id,b.account_id FROM india_appbackend_test.mqr_device_infos a left outer join india_appbackend_test.mqr_devices b on a.device_id=b.account_id limit 10;

+----+-----------+------+------------+
| id | device_id | id   | account_id |
+----+-----------+------+------------+
|  1 |         1 | NULL |       NULL |
|  2 |         2 |    1 |          2 |
|  3 |         3 | NULL |       NULL |
|  4 |         4 |    2 |          4 |
|  5 |         5 |    3 |          5 |
|  6 |         6 | NULL |       NULL |
|  7 |         7 | NULL |       NULL |
|  8 |         8 | NULL |       NULL |
|  9 |         9 | NULL |       NULL |
| 10 |        10 |  116 |         10 |
+----+-----------+------+------------+
10 rows in set (0.00 sec)

-- 右联结
SELECT a.id,a.device_id,b.id,b.account_id FROM india_appbackend_test.mqr_device_infos a right outer join india_appbackend_test.mqr_devices b on a.device_id=b.account_id limit 10;

+------+-----------+-----+------------+
| id   | device_id | id  | account_id |
+------+-----------+-----+------------+
|    2 |         2 |   1 |          2 |
|    4 |         4 |   2 |          4 |
|    5 |         5 |   3 |          5 |
|   10 |        10 | 116 |         10 |
|   12 |        12 |   4 |         12 |
|   13 |        13 |   5 |         13 |
|   14 |        14 | 230 |         14 |
|   15 |        15 | 115 |         15 |
|   18 |        18 |   6 |         18 |
|   19 |        19 |   7 |         19 |
+------+-----------+-----+------------+
10 rows in set (0.00 sec)

```
### 带聚集函数的联结
```sql
SELECT a.id,count(a.device_id),b.id,b.account_id FROM india_appbackend_test.mqr_device_infos a left outer join india_appbackend_test.mqr_devices b on a.device_id=b.account_id limit 10;
```
## 10.组合查询(UNION)
**主要有两种情况需要使用组合查询:**
1. 在一个查询中从不同的表返回结构数据;
2. 对一个表执行多个查询,按一个查询返回数据。

**组合查询要求**
1. UNION 必须由两条或两条以上的 SELECT 语句组成,语句之间用关键
字 UNION 分隔(因此,如果组合四条 SELECT 语句,将要使用三个 UNION
关键字)。
2. UNION 中的每个查询必须包含相同的列、表达式或聚集函数(不过,
各个列不需要以相同的次序列出)
。
3. 列数据类型必须兼容:类型不必完全相同,但必须是 DBMS 可以隐含
转换的类型(例如,不同的数值类型或不同的日期类型)。
```sql
SELECT a.id FROM india_appbackend_test.mqr_device_infos a left outer join india_appbackend_test.mqr_devices b on a.device_id=b.account_id
union
SELECT a.id FROM india_appbackend_test.mqr_device_infos a right outer join india_appbackend_test.mqr_devices b on a.device_id=b.account_id limit 10;
-- 自动去重
+------+
| id   |
+------+
|  424 |
|  423 |
|  422 |
|  421 |
|  420 |
|  419 |
|  418 |
|  417 |
|  416 |
|  415 |
+------+
10 rows in set (0.00 sec)

```
**如果不需要去重**`union all`
```sql
SELECT a.id FROM india_appbackend_test.mqr_device_infos a left outer join india_appbackend_test.mqr_devices b on a.device_id=b.account_id
union all
SELECT a.id FROM india_appbackend_test.mqr_device_infos a right outer join india_appbackend_test.mqr_devices b on a.device_id=b.account_id order by id desc limit 10;
-- 不去重
+------+
| id   |
+------+
|  424 |
|  424 |
|  424 |
|  424 |
|  423 |
|  422 |
|  422 |
|  421 |
|  421 |
|  420 |
+------+
10 rows in set (0.01 sec)
```
*在用 UNION 组合查询时,只能使用一条 ORDER BY 子句,它必须位于最后一条 SELECT 语句之后*
## 11.插入数据
### 插入完整的行
```sql
INSERT INTO Customers
VALUES('1000000006',
'Toy Land',
'123 Any Street',
'New York',
'NY',
'11111',
'USA',
NULL,
NULL);

INSERT INTO Customers(cust_id,
cust_name,
cust_address,
cust_city,
cust_state,
cust_zip,
cust_country,
cust_contact,
cust_email)
VALUES('1000000006',
'Toy Land',
'123 Any Street',
'New York',
'NY',
'11111',
'USA',
NULL,
NULL);
-- 以上效果完全一样,但是推荐指定列名的方式,更加具有稳定性,即使表的结构改变,这条INSERT 语句仍然能正确工作。
```
### 插入行的一部分

省略的列必须满足以下某个条件。
1. 该列定义为允许 NULL 值(无值或空值)
2. 在表定义中给出默认值。这表示如果不给出值,将使用默认值。
```sql
INSERT INTO Customers(cust_id,
cust_name,
cust_address,
cust_city,
cust_state,
cust_zip,
cust_country)
VALUES('1000000006',
'Toy Land',
'123 Any Street',
'New York',
'NY',
'11111',
'USA');
```
### 插入检索出的数据
```sql
INSERT INTO Customers(cust_id,
                      cust_contact,
                      cust_email,
                      cust_name,
                      cust_address,
                      cust_city,
                      cust_state,
                      cust_zip,
                      cust_country)
SELECT cust_id,
        cust_contact,
        cust_email,
        cust_name,
        cust_address,
        cust_city,
        cust_state,
        cust_zip,
        cust_country
FROM CustNew;
```
### 从一个表复制到另一个表

与 INSERT SELECT 将数据添加到一个已经存在的表不同, SELECT INTO将数据复制到一个新表(有的 DBMS 可以覆盖已经存在的表)

    1. 任何 SELECT 选项和子句都可以使用,包括 WHERE 和 GROUP BY ;
    2. 可利用联结从多个表插入数据;
    3. 不管从多少个表中检索数据,数据都只能插入到一个表中
```sql
CREATE TABLE CustCopy AS
SELECT * FROM Customers;
-- 创建新表CustCopy,并将Customers所有列和类型复制过去
```
## 12.更新和删除数据
### 更新数据
```sql
UPDATE Customers
SET cust_contact = 'Sam Roberts',
cust_email = 'sam@toyland.com'
WHERE cust_id = '1000000006';
```
### 删除数据
```sql
DELETE FROM Customers
WHERE cust_id = '1000000006';
-- ELETE 删除整行而不是删除列
-- TRUNCATE TABLE可以更快的清空表
```
> 使用外键确保引用完整性的一个好处是,DBMS 通 常 可 以 防 止 删 除 某 个 关 系 需 要 用 到 的 行 。   
例如 , 要从Products表中删除一个产品,而这个产品用在 OrderItems 的已有订单中,那么DELETE 语句将抛出错误并中止。
## 13.创建和操纵表
### 创建表
#### 使用null
```sql
CREATE TABLE Products
(
    prod_id     CHAR(10)    NOT NULL,
    vend_id     CHAR(10)    NOT NULL,
    prod_name   CHAR(254)   NOT NULL,
    prod_price  DECIMAL(8,2)    NOT NULL,
    prod_desc   VARCHAR(1000)   NULL
);
-- 对于 MySQL, varchar 必须替换为 text ;
-- decimal(8,2)中的“2”表示小数部分的位数，如果插入的值未指定小数部分或者小数部分不足两位则抄会自动补到2位小数，若插入的值小数部百分超过了2为则会发生截断，截取前2位小数。“8”指的是整数部分加小数部分的总长度，也即插入的数字整数部分不能超过“8-2”位，否则不能成功插度入，会报超出范围的错误。
```
*只有不允许 NULL值的列可作为主键,允许 NULL 值的列不能作为唯一标识*

#### 指定默认值
```sql
CREATE TABLE OrderItems
(
order_num   INTEGER     NOT NULL,
order_item  INTEGER     NOT NULL,
prod_id     CHAR(10)    NOT NULL,
quantity    INTEGER     NOT NULL    DEFAULT 1,
item_price  DECIMAL(8,2)    NOT NULL,
);
-- DEFAULT CURRENT_DATE()  默认系统日期
```
### 更新表
1. 理想情况下,不要在表中包含数据时对其进行更新。应该在表的设计过程中充分考虑未来可能的需求,避免今后对表的结构做大改动。
2. 所有的 DBMS 都允许给现有的表增加列,不过对所增加列的数据类型(以及 NULL 和 DEFAULT 的使用)有所限制。
3. 许多 DBMS 不允许删除或更改表中的列。
4. 多数 DBMS 允许重新命名表中的列。
5. 许多 DBMS 限制对已经填有数据的列进行更改,对未填有数据的列几乎没有限制。
```sql
-- 新增列
ALTER TABLE Vendors
ADD vend_phone CHAR(20);
-- 删除列
ALTER TABLE Vendors
DROP COLUMN vend_phone;
```
复杂的表结构更改一般需要手动删除过程,它涉及以下步骤:

    (1) 用新的列布局创建一个新表;  
    (2) 使用 INSERT SELECT 语句(关于这条语句的详细介绍,请参阅第 15课)从旧表复制数据到新表。有必要的话,可以使用转换函数和计算字段;
    (3) 检验包含所需数据的新表;
    (4) 重命名旧表(如果确定,可以删除它);
    (5) 用旧表原来的名字重命名新表;
    (6) 根据需要,重新创建触发器、存储过程、索引和外键。
### 删除表
*DBMS强制实施有关规则,防止删除与其他表相关联的表*
```sql
DROP TABLE CustCopy;
```
### 重命名
```sql
RENAME TABLE table_1 TO table_2;
```
## 14.使用视图
### 视图介绍
视图的一些常见应用
1. 重用 SQL 语句。
2. 简化复杂的 SQL 操作。在编写查询后,可以方便地重用它而不必知道其基本查询细节。
3. 使用表的一部分而不是整个表。
4. 保护数据。可以授予用户访问表的特定部分的权限,而不是整个表的访问权限。
5. 更改数据格式和表示。视图可返回与底层表的表示和格式不同的数据。

### 视图的规则和限制
最常见的规则和限制
1. 与表一样,视图必须唯一命名(不能给视图取与别的视图或表相同的名字)。
2. 对于可以创建的视图数目没有限制。
3. 创建视图,必须具有足够的访问权限。这些权限通常由数据库管理人员授予。
4. 视图可以嵌套,即可以利用从其他视图中检索数据的查询来构造视
图。所允许的嵌套层数在不同的 DBMS 中有所不同(嵌套视图可能会
严重降低查询的性能,因此在产品环境中使用之前,应该对其进行全面测试)。
5. 许多 DBMS 禁止在视图查询中使用 ORDER BY 子句。
6. 有些 DBMS 要求对返回的所有列进行命名,如果列是计算字段,则需要使用别名(关于列别名的更多信息,请参阅第 7 课)
。
7. 视图不能索引,也不能有关联的触发器或默认值。
8. 有些 DBMS 把视图作为只读的查询,这表示可以从视图检索数据,但不能将数据写回底层表。详情请参阅具体的 DBMS 文档。
9. 有些 DBMS 允许创建这样的视图,它不能进行导致行不再属于视图的插入或更新。例如有一个视图,只检索带有电子邮件地址的顾客。如果更新某个顾客,删除他的电子邮件地址,将使该顾客不再属于视图。这是默认行为,而且是允许的,但有的 DBMS 可能会防止这种情况发生。

### 创建视图
```sql
-- 创建
CREATE VIEW ProductCustomers AS
SELECT cust_name, cust_contact, prod_id
FROM Customers, Orders, OrderItems
WHERE Customers.cust_id = Orders.cust_id
AND OrderItems.order_num = Orders.order_num;

-- 使用
SELECT * FROM ProductCustomers;
-- 效果等同于
SELECT cust_name, cust_contact, prod_id
FROM Customers, Orders, OrderItems
WHERE Customers.cust_id = Orders.cust_id
AND OrderItems.order_num = Orders.order_num;

-- 使用语法跟查看表一样
SELECT cust_name, cust_contact
FROM ProductCustomers
WHERE prod_id = 'RGAN01';
```
#### 利用视图简化复杂的联结
```sql
CREATE VIEW ProductCustomers AS
SELECT cust_name, cust_contact, prod_id
FROM Customers, Orders, OrderItems
WHERE Customers.cust_id = Orders.cust_id
AND OrderItems.order_num = Orders.order_num;
```
#### 用视图重新格式化检索出的数据
```sql
SELECT concat(RTRIM(vend_name) + ' (' + RTRIM(vend_country) + ')')
AS vend_title
FROM Vendors
ORDER BY vend_name;

-- 如果需要长期使用 我们可以创建视图
CREATE VIEW view_name as 
SELECT * FROM CONCAT(RTRIM(vend_name) + '(' + RTRIM(vend_country) + ')') 
AS vend_title
FROM Vendors
ORDER BY vend_name;

-- 效果同最上方查询语句一致
SELECT * FROM view_name;
```
#### 用视图过滤不想要的数据
```sql
CREATE VIEW view_name as
SELECT * 
FROM Customers
WHERE cusr_email is not null;
```
#### 使用视图与计算字段
```sql
CREATE VIEW view_name AS
SELECT quantity * price as expanded_price
FROM table_1
where price > 300;
```
## 15.使用存储过程
存储过程的好处
1. 通过把处理封装在一个易用的单元中,可以简化复杂的操作(如前面例子所述)。
2. 由于不要求反复建立一系列处理步骤,因而保证了数据的一致性。如果所有开发人员和应用程序都使用同一存储过程,则所使用的代码都是相同的
3. 简化对变动的管理。如果表名、列名或业务逻辑(或别的内容)有变化,那么只需要更改存储过程的代码。使用它的人员甚至不需要知道这些变化。这一点的延伸就是安全性。通过存储过程限制对基础数据的访问,减少了数据讹误(无意识的或别的原因所导致的数据讹误)的机会。
4. 因为存储过程通常以编译过的形式存储,所以 DBMS 处理命令所需的工作量少,提高了性能。
5. 存在一些只能用在单个请求中的 SQL 元素和特性,存储过程可以使用它们来编写功能更强更灵活的代码。

**储过程有三个主要的好处,即简单、安全、高性能。**
## 16.管理事物处理
*事务处理是一种机制,用来管理必须成批执行的 SQL 操作,保证数据库不包含不完整的操作结果。利用事务处理,可以保证一组操作不会中途停止,它们要么完全执行,要么完全不执行(除非明确指示)。如果没有错误发生,整组语句提交给(写到)数据库表;如果发生错误,则进行回退(撤销)*

*事务处理用来管理 INSERT 、 UPDATE 和 DELETE 语句,将数据库恢复到某个已知且安全的状态。*

>一般来说，事务是必须满足4个条件（ACID）：原子性（Atomicity，或称不可分割性）、一致性（Consistency）、隔离性（Isolation，又称独立性）、持久性（Durability）。

>原子性：一个事务（transaction）中的所有操作，要么全部完成，要么全部不完成，不会结束在中间某个环节。事务在执行过程中发生错误，会被回滚（Rollback）到事务开始前的状态，就像这个事务从来没有执行过一样。

>一致性：在事务开始之前和事务结束以后，数据库的完整性没有被破坏。这表示写入的资料必须完全符合所有的预设规则，这包含资料的精确度、串联性以及后续数据库可以自发性地完成预定的工作。

>隔离性：数据库允许多个并发事务同时对其数据进行读写和修改的能力，隔离性可以防止多个事务并发执行时由于交叉执行而导致数据的不一致。事务隔离分为不同级别，包括读未提交（Read uncommitted）、读提交（read committed）、可重复读（repeatable read）和串行化（Serializable）。

>持久性：事务处理结束后，对数据的修改就是永久的，即便系统故障也不会丢失。
**术语**
1. 事务(transaction)指一组 SQL 语句;
2. 回退(rollback)指撤销指定 SQL 语句的过程;
3. 提交(commit)指将未存储的 SQL 语句结果写入数据库表;
4. 保留点(savepoint)指事务处理中设置的临时占位符(placeholder)可以对它发布回退(与回退整个事务处理不同)。
```sql
-- 启动事物的标志
START TRANSACTION
```
### commit 提交
*一般的 SQL 语句都是针对数据库表直接执行和编写的。这就是所谓的隐式提交(implicit commit),即提交(写或保存)操作是自动进行的。在事务处理块中,提交不会隐式进行。*
```sql
START TRANSACTION
DELETE OrderItems WHERE order_num = 12345;
DELETE Orders WHERE order_num = 12345;
COMMIT;
```
### 使用保留点
*如果需要回退,可以回退到某个占位符*
```sql
SAVEPOINT delete1;  -- 每个保留点都要取能够标识它的唯一名字

-- 回退到保留点
ROLLBACK TO delete1;


start transaction;
update india_appbackend_test.v_codes set is_used=1 where phone = 5845971562 and apply_type="login" order by id desc limit 1;
savepoint s1;
update india_appbackend_test.v_codes set created_at=now(), is_used=1 where phone = 5845971562 and apply_type="login" order by id desc limit 1;
SELECT created_at, v_code, is_used FROM india_appbackend_test.v_codes where phone = 5845971562 order by id desc limit 1;
rollback to s1;
SELECT created_at, v_code, is_used FROM india_appbackend_test.v_codes where phone = 5845971562 order by id desc limit 10;
commit;
```
**实例**
```sql
DELIMITER $$  
BEGIN  
DECLARE t_error INTEGER DEFAULT 0;  
DECLARE CONTINUE HANDLER FOR SQLEXCEPTION SET t_error=1 ;        
START TRANSACTION;  
UPDATE table1 SET a = '111';
INSERT INTO table2 (b) VALUES ('222');
INSERT INTO table3 (c) VALUES ('333');   
IF t_error = 1 THEN  
   ROLLBACK;  
ELSE  
   COMMIT;  
END IF;      
END$$  
DELIMITER ;  
```
## 17.约束
### 主键
表中任意列只要满足以下条件,都可以用于主键。
1. 任意两行的主键值都不相同。
2. 每行都具有一个主键值(即列中不允许 NULL 值)
3. 包含主键值的列从不修改或更新。(大多数 DBMS 不允许这么做,但如果你使用的 DBMS 允许这样做,好吧,千万别!)
4. 主键值不能重用。如果从表中删除某一行,其主键值不分配给新行。
```sql
-- 创建时定义
CREATE TABLE Vendors
(
vend_id         CHAR(10)    NOT NULL PRIMARY KEY, -- 主键
vend_name       CHAR(50)    NOT NULL,
vend_address    CHAR(50)    NULL,
vend_city       CHAR(50)    NULL,
vend_state      CHAR(5)     NULL,
vend_zip        CHAR(10)    NULL,
vend_country    CHAR(50)    NULL
);

-- 增加列的约束
ALTER TABLE Vendors
ADD CONSTRAINT PRIMARY KEY (vend_id);
```

### 外键
REFERENCES 关键字,它表示 cust_id 中的任何值都必须是 Customers 表的 cust_id 中的值。
```sql
-- 创建时
CREATE TABLE Orders
(
    order_num   INTEGER     NOT NULL PRIMARY KEY,
    order_date  DATETIME    NOT NULL,
    cust_id     CHAR(10)    NOT NULL REFERENCES Customers(cust_id)
)

-- 增加列的约束
ALTER TABLE Orders
ADD CONSTRAINT 
FOREIGH KEY (cusr_id) REFERENCES Customers(cusr_id)
```
### 唯一约束
唯一约束用来保证一列(或一组列)中的数据是唯一的。它们类似于主键,但存在以下重要区别。
1. 表可包含多个唯一约束,但每个表只允许一个主键。
2. 唯一约束列可包含 NULL 值。
3. 唯一约束列可修改或更新。
4. 唯一约束列的值可重复使用。
5. 与主键不一样,唯一约束不能用来定义外键。
```sql
(
    order_num   INTEGER     NOT NULL PRIMARY KEY,
    order_date  DATETIME    NOT NULL,
    cust_id     CHAR(10)    NOT NULL REFERENCES Customers(cust_id),
    name_id     INTEGER     NOT NULL UNIQUE
)
```
### 检查约束
检查约束用来保证一列(或一组列)中的数据满足一组指定的条件。检查约束的常见用途有以下几点。
1. 检查最小或最大值。例如,防止 0 个物品的订单(即使 0 是合法的数)
2. 指定范围。例如,保证发货日期大于等于今天的日期,但不超过今天起一年后的日期。
3. 只允许特定的值。例如,在性别字段中只允许 M 或 F 。
```sql
CREATE TABLE OrderItems
(
    order_num   INTEGER     NOT NULL PRIMARY KEY,
    order_date  DATETIME    NOT NULL,
    cust_id     CHAR(10)    NOT NULL REFERENCES Customers(cust_id),
    quantity    INTEGER     NOT NULL CHECK (quantity > 0)
)

-- 插入约束
ALTER TABLE OrderItems
ADD CONSTRAINT CHECK (gender LIKE '[MF]')
```
### 索引
注意事项:
1. 索引改善检索操作的性能,但降低了数据插入、修改和删除的性能。在执行这些操作时,DBMS 必须动态地更新索引。
2. 索引数据可能要占用大量的存储空间。
3. 并非所有数据都适合做索引。取值不多的数据(如州)不如具有更多可能值的数据(如姓或名),能通过索引得到那么多的好处。
4. 索引用于数据过滤和数据排序。如果你经常以某种特定的顺序排序数据,则该数据可能适合做索引。。这样的索引仅在以州
5. 可以在索引中定义多个列(例如,州加上城市)加城市的顺序排序时有用。如果想按城市排序,则这种索引没有用处。
```sql
CREATE INDEX prod_name_ind
ON Products (prod_name);
```
### 数据库安全
一般说来,需要保护的操作有:
1. 对数据库管理功能(创建表、更改或删除已存在的表等)的访问;
2. 对特定数据库或表的访问;;
3. 访问的类型(只读、对特定列的访问等)
4. 仅通过视图或存储过程对表进行访问;
5. 创建多层次的安全措施,从而允许多种基于登录的访问和控制;
6. 限制管理用户账号的能力。